coachID,year,tmID
aglerbr99w,11,SEA
bryanjo01w,11,LAS
chatmda99w,11,CHI
dunnli99wc,11,IND
edwarte01w,11,TUL
gaineco01w,11,PHO
gilloje01w,11,LAS
hugheda99w,11,SAS
laceytr99w,11,WAS
meadoma99w,11,ATL
reevech99w,11,MIN
richano99w,11,TUL
thibami99w,11,CON
whisejo99w,11,NYL
